{
  "_fv": 43,
  "_type": "gui",
  "definition": {
    "type": 0,
    "width": 176,
    "height": 166,
    "inventoryOffsetX": 0,
    "inventoryOffsetY": 0,
    "renderBgLayer": true,
    "doesPauseGame": false,
    "components": [
      {
        "type": "label",
        "data": {
          "name": "label_bienvenue",
          "text": {
            "fixedValue": "Bienvenue"
          },
          "color": {
            "value": -12829636,
            "falpha": 0.0
          },
          "x": 186,
          "y": 60
        }
      },
      {
        "type": "label",
        "data": {
          "name": "label_banque_a_blokos",
          "text": {
            "fixedValue": "Banque à Blokos"
          },
          "color": {
            "value": -12829636,
            "falpha": 0.0
          },
          "x": 174,
          "y": 42
        }
      },
      {
        "type": "label",
        "data": {
          "name": "label_proc_info_bab_0",
          "text": {
            "fixedValue": "",
            "name": "InfoBAB0"
          },
          "color": {
            "value": -12829636,
            "falpha": 0.0
          },
          "x": 194,
          "y": 74
        }
      },
      {
        "type": "label",
        "data": {
          "name": "label_vous_avez_sur_votre_compte",
          "text": {
            "fixedValue": "Vous avez sur votre compte :"
          },
          "color": {
            "value": -12829636,
            "falpha": 0.0
          },
          "x": 141,
          "y": 106
        }
      },
      {
        "type": "label",
        "data": {
          "name": "label_proc_info_bab_1",
          "text": {
            "fixedValue": "",
            "name": "InfoBAB1"
          },
          "color": {
            "value": -12829636,
            "falpha": 0.0
          },
          "x": 201,
          "y": 129
        }
      },
      {
        "type": "label",
        "data": {
          "name": "label_blokos",
          "text": {
            "fixedValue": "Blokos"
          },
          "color": {
            "value": -12829636,
            "falpha": 0.0
          },
          "x": 192,
          "y": 149
        }
      }
    ],
    "gridSettings": {
      "sx": 18,
      "sy": 18,
      "ox": 11,
      "oy": 15,
      "snapOnGrid": false
    }
  }
}