{
  "_fv": 43,
  "_type": "gui",
  "definition": {
    "type": 1,
    "width": 176,
    "height": 166,
    "inventoryOffsetX": 0,
    "inventoryOffsetY": 0,
    "renderBgLayer": true,
    "doesPauseGame": false,
    "components": [
      {
        "type": "label",
        "data": {
          "name": "label_boutique_de_carte_de_transport",
          "text": {
            "fixedValue": "Boutique de Carte de Transport"
          },
          "color": {
            "value": -12829636,
            "falpha": 0.0
          },
          "x": 134,
          "y": 42
        }
      },
      {
        "type": "outputslot",
        "data": {
          "id": 0,
          "disablePickup": {
            "fixedValue": false
          },
          "dropItemsWhenNotBound": true,
          "x": 198,
          "y": 65
        }
      },
      {
        "type": "button",
        "data": {
          "name": "button_acheter",
          "text": "Acheter",
          "onClick": {
            "name": "AchatCardeDeTransportBank"
          },
          "width": 61,
          "height": 20,
          "x": 177,
          "y": 93
        }
      },
      {
        "type": "label",
        "data": {
          "name": "label_carte_de_transport_5_b",
          "text": {
            "fixedValue": "Carte de Transport = 5 B"
          },
          "color": {
            "value": -39220,
            "falpha": 0.0
          },
          "x": 151,
          "y": 207
        }
      },
      {
        "type": "label",
        "data": {
          "name": "label_bienvenue",
          "text": {
            "fixedValue": "Bienvenue"
          },
          "color": {
            "value": -1,
            "falpha": 0.0
          },
          "x": 189,
          "y": 5
        }
      },
      {
        "type": "label",
        "data": {
          "name": "label_proc_info_bab_0",
          "text": {
            "fixedValue": "",
            "name": "InfoBAB0"
          },
          "color": {
            "value": -1,
            "falpha": 0.0
          },
          "x": 195,
          "y": 18
        }
      },
      {
        "type": "label",
        "data": {
          "name": "label_vous_avez",
          "text": {
            "fixedValue": "Vous avez :"
          },
          "color": {
            "value": -1,
            "falpha": 0.0
          },
          "x": 332,
          "y": 97
        }
      },
      {
        "type": "label",
        "data": {
          "name": "label_proc_info_bab_1",
          "text": {
            "fixedValue": "",
            "name": "InfoBAB1"
          },
          "color": {
            "value": -1,
            "falpha": 0.0
          },
          "x": 340,
          "y": 114
        }
      },
      {
        "type": "label",
        "data": {
          "name": "label_blokos",
          "text": {
            "fixedValue": "Blokos"
          },
          "color": {
            "value": -1,
            "falpha": 0.0
          },
          "x": 339,
          "y": 130
        }
      }
    ],
    "gridSettings": {
      "sx": 18,
      "sy": 18,
      "ox": 11,
      "oy": 15,
      "snapOnGrid": false
    }
  }
}