{
  "_fv": 43,
  "_type": "gui",
  "definition": {
    "type": 1,
    "width": 176,
    "height": 166,
    "inventoryOffsetX": 0,
    "inventoryOffsetY": 0,
    "renderBgLayer": true,
    "doesPauseGame": false,
    "components": [
      {
        "type": "label",
        "data": {
          "name": "label_boutique_de_tickets",
          "text": {
            "fixedValue": "Boutique de Tickets"
          },
          "color": {
            "value": -12829636,
            "falpha": 0.0
          },
          "x": 165,
          "y": 41
        }
      },
      {
        "type": "outputslot",
        "data": {
          "id": 1,
          "disablePickup": {
            "fixedValue": false
          },
          "dropItemsWhenNotBound": true,
          "x": 243,
          "y": 73
        }
      },
      {
        "type": "label",
        "data": {
          "name": "label_ticket_1_voyage_1_b",
          "text": {
            "fixedValue": "Forfait 10 Voyages = 9 B"
          },
          "color": {
            "value": -16724890,
            "falpha": 0.0
          },
          "x": 1,
          "y": 156
        }
      },
      {
        "type": "label",
        "data": {
          "name": "label_ticket_3_voyages_4_b",
          "text": {
            "fixedValue": "Forfait Essentiel = 4 B"
          },
          "color": {
            "value": -205,
            "falpha": 0.0
          },
          "x": 4,
          "y": 177
        }
      },
      {
        "type": "label",
        "data": {
          "name": "label_ticket_10_voyages_11b",
          "text": {
            "fixedValue": "Forfait Illimité = 256 B"
          },
          "color": {
            "value": -16750849,
            "falpha": 0.0
          },
          "x": 2,
          "y": 199
        }
      },
      {
        "type": "label",
        "data": {
          "name": "label_bienvenue",
          "text": {
            "fixedValue": "Bienvenue"
          },
          "color": {
            "value": -1,
            "falpha": 0.0
          },
          "x": 187,
          "y": 4
        }
      },
      {
        "type": "label",
        "data": {
          "name": "label_proc_info_bab_0",
          "text": {
            "fixedValue": "",
            "name": "InfoBAB0"
          },
          "color": {
            "value": -1,
            "falpha": 0.0
          },
          "x": 195,
          "y": 16
        }
      },
      {
        "type": "label",
        "data": {
          "name": "label_vous_avez",
          "text": {
            "fixedValue": "Vous avez :"
          },
          "color": {
            "value": -1,
            "falpha": 0.0
          },
          "x": 333,
          "y": 96
        }
      },
      {
        "type": "label",
        "data": {
          "name": "label_proc_info_bab_1",
          "text": {
            "fixedValue": "",
            "name": "InfoBAB1"
          },
          "color": {
            "value": -1,
            "falpha": 0.0
          },
          "x": 343,
          "y": 111
        }
      },
      {
        "type": "label",
        "data": {
          "name": "label_blokos",
          "text": {
            "fixedValue": "Blokos"
          },
          "color": {
            "value": -1,
            "falpha": 0.0
          },
          "x": 347,
          "y": 129
        }
      },
      {
        "type": "inputslot",
        "data": {
          "inputLimit": {
            "value": "CUSTOM:CarteDeTransport"
          },
          "disablePlacement": {
            "fixedValue": false
          },
          "id": 0,
          "disablePickup": {
            "fixedValue": false
          },
          "dropItemsWhenNotBound": true,
          "x": 163,
          "y": 72
        }
      },
      {
        "type": "button",
        "data": {
          "name": "button_acheter_10_voyages",
          "text": "Acheter 10 Voyages",
          "onClick": {
            "name": "BoutiqueCarteVente10V"
          },
          "width": 119,
          "height": 20,
          "x": 3,
          "y": 49
        }
      },
      {
        "type": "button",
        "data": {
          "name": "button_acheter_essentiel",
          "text": "Acheter Essentiel",
          "onClick": {
            "name": "BoutiqueCarteVenteEssentiel"
          },
          "width": 114,
          "height": 20,
          "x": 6,
          "y": 80
        }
      },
      {
        "type": "button",
        "data": {
          "name": "button_acheter_illimite",
          "text": "Acheter Illimité",
          "onClick": {
            "name": "BoutiqueCarteVenteIllimite"
          },
          "width": 108,
          "height": 20,
          "x": 10,
          "y": 109
        }
      }
    ],
    "gridSettings": {
      "sx": 18,
      "sy": 18,
      "ox": 11,
      "oy": 15,
      "snapOnGrid": false
    }
  }
}