{
  "_fv": 43,
  "_type": "gui",
  "definition": {
    "type": 1,
    "width": 176,
    "height": 166,
    "inventoryOffsetX": 0,
    "inventoryOffsetY": 0,
    "renderBgLayer": true,
    "doesPauseGame": false,
    "components": [
      {
        "type": "label",
        "data": {
          "name": "label_boutique_de_carte_de_transport",
          "text": {
            "fixedValue": "Boutique de Carte de Transport"
          },
          "color": {
            "value": -12829636,
            "falpha": 0.0
          },
          "x": 134,
          "y": 42
        }
      },
      {
        "type": "inputslot",
        "data": {
          "inputLimit": {
            "value": "CUSTOM:Blokos"
          },
          "disablePlacement": {
            "fixedValue": false
          },
          "id": 0,
          "disablePickup": {
            "fixedValue": false
          },
          "dropItemsWhenNotBound": true,
          "x": 141,
          "y": 71
        }
      },
      {
        "type": "outputslot",
        "data": {
          "id": 1,
          "disablePickup": {
            "fixedValue": false
          },
          "dropItemsWhenNotBound": true,
          "x": 258,
          "y": 71
        }
      },
      {
        "type": "button",
        "data": {
          "name": "button_acheter",
          "text": "Acheter",
          "onClick": {
            "name": "AchatCartedeTransportPhy"
          },
          "width": 61,
          "height": 20,
          "x": 177,
          "y": 71
        }
      },
      {
        "type": "label",
        "data": {
          "name": "label_carte_de_transport_5_b",
          "text": {
            "fixedValue": "Carte de Transport = 5 B"
          },
          "color": {
            "value": -39220,
            "falpha": 0.0
          },
          "x": 151,
          "y": 207
        }
      }
    ],
    "gridSettings": {
      "sx": 18,
      "sy": 18,
      "ox": 11,
      "oy": 15,
      "snapOnGrid": false
    }
  }
}