{
  "_fv": 43,
  "_type": "item",
  "definition": {
    "renderType": 0,
    "texture": "6",
    "customModelName": "Normal",
    "name": "Carte De Transport",
    "rarity": "RARE",
    "creativeTab": {
      "value": "No creative tab entry"
    },
    "stackSize": 1,
    "enchantability": 0,
    "useDuration": 0,
    "toolType": 1.0,
    "damageCount": 0,
    "recipeRemainder": {
      "value": ""
    },
    "destroyAnyBlock": false,
    "immuneToFire": false,
    "stayInGridWhenCrafting": false,
    "damageOnCrafting": false,
    "enableMeleeDamage": false,
    "damageVsEntity": 0.0,
    "specialInfo": [
      "Carte de transport nominative",
      "Contenue de la carte : Essentiel (§a4§r Voyages Restant sur §55§r Voyages)"
    ],
    "hasGlow": true,
    "guiBoundTo": "<NONE>",
    "inventorySize": 9,
    "inventoryStackSize": 64,
    "isFood": false,
    "nutritionalValue": 4,
    "saturation": 0.3,
    "eatResultItem": {
      "value": ""
    },
    "isMeat": false,
    "isAlwaysEdible": false,
    "animation": "none"
  }
}