{
  "_fv": 43,
  "_type": "item",
  "definition": {
    "renderType": 0,
    "texture": "cryptophone_elite",
    "customModelName": "Normal",
    "name": "Crypto Phone Élite",
    "rarity": "EPIC",
    "creativeTab": {
      "value": "CUSTOM:BlokosMoneySystem"
    },
    "stackSize": 1,
    "enchantability": 0,
    "useDuration": 0,
    "toolType": 1.0,
    "damageCount": 0,
    "recipeRemainder": {
      "value": ""
    },
    "destroyAnyBlock": false,
    "immuneToFire": false,
    "stayInGridWhenCrafting": false,
    "damageOnCrafting": false,
    "enableMeleeDamage": false,
    "damageVsEntity": 0.0,
    "specialInfo": [
      "CryptoPhone Élite",
      "Version 6 du CryptoPhone",
      "Date du firmware : 31/02/2000"
    ],
    "hasGlow": false,
    "guiBoundTo": "<NONE>",
    "inventorySize": 9,
    "inventoryStackSize": 64,
    "onRightClickedInAir": {
      "name": "BlokosGenCryptoPhoneElite"
    },
    "isFood": false,
    "nutritionalValue": 4,
    "saturation": 0.3,
    "eatResultItem": {
      "value": ""
    },
    "isMeat": false,
    "isAlwaysEdible": false,
    "animation": "none"
  }
}