{
  "_fv": 43,
  "_type": "gui",
  "definition": {
    "type": 1,
    "width": 199,
    "height": 166,
    "inventoryOffsetX": 0,
    "inventoryOffsetY": 0,
    "renderBgLayer": true,
    "doesPauseGame": false,
    "components": [
      {
        "type": "label",
        "data": {
          "name": "label_table_damelioration_de_cryptoph",
          "text": {
            "fixedValue": "Table d'amélioration de CryptoPhone"
          },
          "color": {
            "value": -12829636,
            "falpha": 0.0
          },
          "x": 121,
          "y": 41
        }
      },
      {
        "type": "inputslot",
        "data": {
          "inputLimit": {
            "value": ""
          },
          "disablePlacement": {
            "fixedValue": false
          },
          "id": 1,
          "disablePickup": {
            "fixedValue": false
          },
          "dropItemsWhenNotBound": true,
          "x": 164,
          "y": 74
        }
      },
      {
        "type": "label",
        "data": {
          "name": "label_empty",
          "text": {
            "fixedValue": "+"
          },
          "color": {
            "value": -12829636,
            "falpha": 0.0
          },
          "x": 152,
          "y": 77
        }
      },
      {
        "type": "button",
        "data": {
          "name": "button_ameliorer",
          "text": "Améliorer",
          "onClick": {
            "name": "CryptoPhoneUpgradeAction"
          },
          "width": 72,
          "height": 20,
          "x": 191,
          "y": 73
        }
      },
      {
        "type": "outputslot",
        "data": {
          "id": 2,
          "disablePickup": {
            "fixedValue": false
          },
          "dropItemsWhenNotBound": true,
          "x": 274,
          "y": 73
        }
      },
      {
        "type": "image",
        "data": {
          "image": "cryptophone_base.png",
          "use1Xscale": false,
          "x": 128,
          "y": 56
        }
      },
      {
        "type": "inputslot",
        "data": {
          "inputLimit": {
            "value": ""
          },
          "disablePlacement": {
            "fixedValue": false
          },
          "id": 0,
          "disablePickup": {
            "fixedValue": false
          },
          "dropItemsWhenNotBound": true,
          "x": 127,
          "y": 74
        }
      },
      {
        "type": "image",
        "data": {
          "image": "cryptophone_mini_core.png",
          "use1Xscale": false,
          "x": 164,
          "y": 56
        }
      }
    ],
    "gridSettings": {
      "sx": 18,
      "sy": 18,
      "ox": 11,
      "oy": 15,
      "snapOnGrid": false
    }
  }
}