{
  "_fv": 43,
  "_type": "gui",
  "definition": {
    "type": 0,
    "width": 176,
    "height": 166,
    "inventoryOffsetX": 0,
    "inventoryOffsetY": 0,
    "renderBgLayer": true,
    "doesPauseGame": false,
    "components": [
      {
        "type": "textfield",
        "data": {
          "placeholder": "",
          "name": "debug",
          "width": 120,
          "height": 20,
          "x": 154,
          "y": 83
        }
      },
      {
        "type": "button",
        "data": {
          "name": "button_set",
          "text": "Set",
          "onClick": {
            "name": "DebugBlokosSysSet"
          },
          "width": 40,
          "height": 20,
          "x": 189,
          "y": 138
        }
      }
    ],
    "gridSettings": {
      "sx": 18,
      "sy": 18,
      "ox": 11,
      "oy": 15,
      "snapOnGrid": false
    }
  }
}