{
  "_fv": 43,
  "_type": "gui",
  "definition": {
    "type": 1,
    "width": 176,
    "height": 166,
    "inventoryOffsetX": 0,
    "inventoryOffsetY": 0,
    "renderBgLayer": true,
    "doesPauseGame": false,
    "components": [
      {
        "type": "label",
        "data": {
          "name": "label_bab",
          "text": {
            "fixedValue": "BAB"
          },
          "color": {
            "value": -12829636,
            "falpha": 0.0
          },
          "x": 203,
          "y": 42
        }
      },
      {
        "type": "label",
        "data": {
          "name": "label_retraits_de_fonds",
          "text": {
            "fixedValue": "Retraits de fonds"
          },
          "color": {
            "value": -12829636,
            "falpha": 0.0
          },
          "x": 169,
          "y": 56
        }
      },
      {
        "type": "outputslot",
        "data": {
          "id": 0,
          "disablePickup": {
            "fixedValue": false
          },
          "dropItemsWhenNotBound": true,
          "x": 202,
          "y": 72
        }
      },
      {
        "type": "button",
        "data": {
          "name": "button_retiter_1_blokos",
          "text": "Retiter 1 Blokos",
          "onClick": {
            "name": "ActionRetraitBAB"
          },
          "width": 108,
          "height": 20,
          "x": 160,
          "y": 93
        }
      }
    ],
    "gridSettings": {
      "sx": 18,
      "sy": 18,
      "ox": 11,
      "oy": 15,
      "snapOnGrid": false
    }
  }
}